<?xml version="1.0" encoding="UTF-8"?>
<project-private xmlns="http://www.netbeans.org/ns/project-private/1">
    <editor-bookmarks xmlns="http://www.netbeans.org/ns/editor-bookmarks/2" lastBookmarkId="0"/>
    <open-files xmlns="http://www.netbeans.org/ns/projectui-open-files/2">
        <group>
            <file>file:/C:/Users/MDM/Documents/NetBeansProjects/JavaApp/src/id/co/bni/belajarjava/section5/test/PredicateTest.java</file>
            <file>file:/C:/Users/MDM/Documents/NetBeansProjects/JavaApp/src/id/co/bni/belajarjava/section5/test/CustomerTest.java</file>
            <file>file:/C:/Users/MDM/Documents/NetBeansProjects/JavaApp/src/id/co/bni/belajarjava/section5/test/FuntionTest.java</file>
            <file>file:/C:/Users/MDM/Documents/NetBeansProjects/JavaApp/src/id/co/bni/belajarjava/section5/domain/CustomerBuilder.java</file>
            <file>file:/C:/Users/MDM/Documents/NetBeansProjects/JavaApp/src/id/co/bni/belajarjava/section5/test/GenericCollectionTest.java</file>
            <file>file:/C:/Users/MDM/Documents/NetBeansProjects/JavaApp/src/id/co/bni/belajarjava/section5/test/ConsumerTest.java</file>
            <file>file:/C:/Users/MDM/Documents/NetBeansProjects/JavaApp/src/id/co/bni/belajarjava/section5/test/StreamTest.java</file>
            <file>file:/C:/Users/MDM/Documents/NetBeansProjects/JavaApp/src/id/co/bni/belajarjava/section2/test/EmployeeTest.java</file>
            <file>file:/C:/Users/MDM/Documents/NetBeansProjects/JavaApp/src/id/co/bni/belajarjava/section5/domain/CustomerNameComparator.java</file>
            <file>file:/C:/Users/MDM/Documents/NetBeansProjects/JavaApp/src/id/co/bni/belajarjava/section5/domain/Customer.java</file>
            <file>file:/C:/Users/MDM/Documents/NetBeansProjects/JavaApp/src/id/co/bni/belajarjava/section6/test/ExcepionTest.java</file>
        </group>
    </open-files>
</project-private>
